prashanthi043,password043
prashanthi044,password044
prashanthi045,password045
prashanthi046,password046
prashanthi047,password047
prashanthi048,password048
prashanthi049,password049
prashanthi050,password050
prashanthi051,password051
prashanthi052,password052
prashanthi053,password053
prashanthi054,password054
prashanthi055,password055
prashanthi056,password056
prashanthi057,password057
prashanthi058,password058
prashanthi059,password059
prashanthi060,password060
prashanthi061,password061
prashanthi062,password062
prashanthi063,password063
prashanthi064,password064
prashanthi065,password065
prashanthi066,password066
prashanthi067,password067
prashanthi068,password068
prashanthi069,password069
prashanthi070,password070
prashanthi071,password071
prashanthi072,password072
prashanthi073,password073
prashanthi074,password074
prashanthi075,password075
prashanthi076,password076
prashanthi077,password077
prashanthi078,password078
prashanthi079,password079
prashanthi080,password080
prashanthi081,password081
prashanthi082,password082
prashanthi083,password083
prashanthi084,password084
prashanthi085,password085
prashanthi086,password086
prashanthi087,password087
prashanthi088,password088
prashanthi089,password089
prashanthi090,password090
prashanthi091,password091
prashanthi092,password092
prashanthi093,password093
prashanthi094,password094
prashanthi095,password095
prashanthi096,password096
prashanthi097,password097
prashanthi098,password098
prashanthi099,password099
prashanthi100,password100
prashanthi101,password101
prashanthi102,password102
prashanthi103,password103
prashanthi104,password104
prashanthi105,password105
prashanthi106,password106
prashanthi107,password107
prashanthi108,password108
prashanthi109,password109
prashanthi110,password110
prashanthi111,password111
prashanthi112,password112
prashanthi113,password113
prashanthi114,password114
prashanthi115,password115
prashanthi116,password116
prashanthi117,password117
prashanthi118,password118
prashanthi119,password119
prashanthi120,password120
prashanthi121,password121
prashanthi122,password122
prashanthi123,password123
prashanthi124,password124
prashanthi125,password125
prashanthi126,password126
prashanthi127,password127
prashanthi128,password128
prashanthi129,password129
prashanthi130,password130
prashanthi131,password131
prashanthi132,password132
prashanthi133,password133
prashanthi134,password134
prashanthi135,password135
prashanthi136,password136
prashanthi137,password137
prashanthi138,password138
prashanthi139,password139
prashanthi140,password140
prashanthi141,password141
prashanthi142,password142
prashanthi143,password143
prashanthi144,password144
prashanthi145,password145
prashanthi146,password146
prashanthi147,password147
prashanthi148,password148
prashanthi149,password149
prashanthi150,password150
prashanthi151,password151
prashanthi152,password152
prashanthi153,password153
prashanthi154,password154
prashanthi155,password155
prashanthi156,password156
prashanthi157,password157
prashanthi158,password158
prashanthi159,password159
prashanthi160,password160
prashanthi161,password161
prashanthi162,password162
prashanthi163,password163
prashanthi164,password164
prashanthi165,password165
prashanthi166,password166
prashanthi167,password167
prashanthi168,password168
prashanthi169,password169
prashanthi170,password170
prashanthi171,password171
prashanthi172,password172
prashanthi173,password173
prashanthi174,password174
prashanthi175,password175
prashanthi176,password176
prashanthi177,password177
prashanthi178,password178
prashanthi179,password179
prashanthi180,password180
prashanthi181,password181
prashanthi182,password182
prashanthi183,password183
prashanthi184,password184
prashanthi185,password185
prashanthi186,password186
prashanthi187,password187
prashanthi188,password188
prashanthi189,password189
prashanthi190,password190
prashanthi191,password191
prashanthi192,password192
prashanthi193,password193
prashanthi194,password194
prashanthi195,password195
prashanthi196,password196
prashanthi197,password197
prashanthi198,password198
prashanthi199,password199
prashanthi200,password200
