m	prashanth050901	R1	01-09-2014	prashanth050901@gmail.com	streetprashanth040901	streetAddress1	5600020	Bangalore1	Karnataka1	99			prashanth050901@gmail.com
f	prashanth050902	R2	02-09-2014	prashanth050902@gmail.com	streetprashanth040902	streetAddress2	5600021	Bangalore2	Karnataka2	99			prashanth050902@gmail.com
m	prashanth050903	R3	03-09-2014	prashanth050903@gmail.com	streetprashanth040903	streetAddress3	5600022	Bangalore3	Karnataka3	99			prashanth050903@gmail.com
f	prashanth050904	R4	04-09-2014	prashanth050904@gmail.com	streetprashanth040904	streetAddress4	5600023	Bangalore4	Karnataka4	99			prashanth050904@gmail.com
m	prashanth050905	R5	05-09-2014	prashanth050905@gmail.com	streetprashanth040905	streetAddress5	5600024	Bangalore5	Karnataka5	99			prashanth050905@gmail.com
f	prashanth050906	R6	06-09-2014	prashanth050906@gmail.com	streetprashanth040906	streetAddress6	5600025	Bangalore6	Karnataka6	99			prashanth050906@gmail.com
m	prashanth050907	R7	07-09-2014	prashanth050907@gmail.com	streetprashanth040907	streetAddress7	5600026	Bangalore7	Karnataka7	99			prashanth050907@gmail.com
f	prashanth050908	R8	08-09-2014	prashanth050908@gmail.com	streetprashanth040908	streetAddress8	5600027	Bangalore8	Karnataka8	99			prashanth050908@gmail.com
m	prashanth050909	R9	09-09-2014	prashanth050909@gmail.com	streetprashanth040909	streetAddress9	5600028	Bangalore9	Karnataka9	99			prashanth050909@gmail.com
f	prashanth050910	R10	10-09-2014	prashanth050910@gmail.com	streetprashanth040910	streetAddress10	5600029	Bangalore10	Karnataka10	99			prashanth050910@gmail.com
m	prashanth050911	R11	11-09-2014	prashanth050911@gmail.com	streetprashanth040911	streetAddress11	5600030	Bangalore11	Karnataka11	99			prashanth050911@gmail.com
f	prashanth050912	R12	12-09-2014	prashanth050912@gmail.com	streetprashanth040912	streetAddress12	5600031	Bangalore12	Karnataka12	99			prashanth050912@gmail.com
m	prashanth050913	R13	13-09-2014	prashanth050913@gmail.com	streetprashanth040913	streetAddress13	5600032	Bangalore13	Karnataka13	99			prashanth050913@gmail.com
f	prashanth050914	R14	14-09-2014	prashanth050914@gmail.com	streetprashanth040914	streetAddress14	5600033	Bangalore14	Karnataka14	99			prashanth050914@gmail.com
m	prashanth050915	R15	15-09-2014	prashanth050915@gmail.com	streetprashanth040915	streetAddress15	5600034	Bangalore15	Karnataka15	99			prashanth050915@gmail.com
f	prashanth050916	R16	16-09-2014	prashanth050916@gmail.com	streetprashanth040916	streetAddress16	5600035	Bangalore16	Karnataka16	99			prashanth050916@gmail.com
m	prashanth050917	R17	17-09-2014	prashanth050917@gmail.com	streetprashanth040917	streetAddress17	5600036	Bangalore17	Karnataka17	99			prashanth050917@gmail.com
f	prashanth050918	R18	18-09-2014	prashanth050918@gmail.com	streetprashanth040918	streetAddress18	5600037	Bangalore18	Karnataka18	99			prashanth050918@gmail.com
m	prashanth050919	R19	19-09-2014	prashanth050919@gmail.com	streetprashanth040919	streetAddress19	5600038	Bangalore19	Karnataka19	99			prashanth050919@gmail.com
f	prashanth050920	R20	20-09-2014	prashanth050920@gmail.com	streetprashanth040920	streetAddress20	5600039	Bangalore20	Karnataka20	99			prashanth050920@gmail.com
